mo,dbx_claimed,xch_per_dbx,usd_per_xch,xch_value,usd_value
2025-08,23376.0,0.00746,9.72,174.0,1696.0
2025-09,23247.0,0.00754,9.76,175.0,1710.0
2025-10,23987.0,0.00667,7.11,160.0,1137.0
2025-11,22490.0,0.00594,6.91,134.0,924.0
2025-12,23786.0,0.00601,5.37,143.0,768.0
2026-01,25194.0,0.00579,4.85,146.0,708.0
2026-02,22541.0,0.0062,3.04,140.0,425.0
2026-03,23395.0,0.0077,2.83,180.0,509.0
2026-04,24531.0,0.00718,2.35,176.0,414.0
2026-05,18450.0,0.00767,2.51,142.0,355.0
